Country,League,LeagueLevel
Unavailable,Unavailable,257
Afghanistan,Afghanistan Champions League,1
Afghanistan,SPARE,255
Afghanistan,NON-LEAGUE,256
Afghanistan,Unavailable,257
Albania,Kategoria Superiore,1
Albania,Kategoria e Parë,2
Albania,SPARE,255
Albania,NON-LEAGUE,256
Albania,Unavailable,257
Algeria,Ligue Professionnelle 1 Mobilis,1
Algeria,Ligue Professionnelle 2 Centre West,2
Algeria,Ligue Professionnelle 2 Centre East,3
Algeria,Serie C Girone B,4
Algeria,SPARE,255
Algeria,NON-LEAGUE,256
Algeria,Unavailable,257
American Samoa,FFAS National League,1
American Samoa,SPARE,255
American Samoa,NON-LEAGUE,256
American Samoa,Unavailable,257
Andorra,Lliga Multisegur Assegurances,1
Andorra,Lliga Biosphere,2
Andorra,SPARE,255
Andorra,NON-LEAGUE,256
Andorra,Unavailable,257
Angola,Girabola,1
Angola,SPARE,255
Angola,NON-LEAGUE,256
Angola,Unavailable,257
Anguilla,Unavailable,257
Antigua and Barbuda,Antigua Premier League,1
Antigua and Barbuda,SPARE,255
Antigua and Barbuda,NON-LEAGUE,256
Antigua and Barbuda,Unavailable,257
Argentina,Liga Profesional de Futbol​,1
Argentina,Primera Nacional Gr. A,2
Argentina,Primera Nacional Gr. B,3
Argentina,Primera B Metropolitana,4
Argentina,Torneo Federal A Zone A,5
Argentina,Torneo Federal A Zone B,6
Argentina,Torneo Federal A Zone C,7
Argentina,Torneo Federal A Zone D,8
Argentina,SPARE,255
Argentina,NON-LEAGUE,256
Argentina,Unavailable,257
Armenia,Bardzraguyn Khumb,1
Armenia,Arrajin Khumb,2
Armenia,SPARE,255
Armenia,NON-LEAGUE,256
Armenia,Unavailable,257
Aruba,Division di Honor,1
Aruba,SPARE,255
Aruba,NON-LEAGUE,256
Aruba,Unavailable,257
Australia,Isuzu UTE A-League,1
Australia,National Premier Leagues - Australian Capital Territory,2
Australia,National Premier Leagues - Northern New South Wales,3
Australia,National Premier Leagues - New South Wales,4
Australia,National Premier Leagues - Queensland,5
Australia,National Premier Leagues - South Australia,6
Australia,National Premier Leagues - Tasmania,7
Australia,National Premier Leagues - Victoria,8
Australia,National Premier Leagues - Western Australia,9
Australia,SPARE,255
Australia,NON-LEAGUE,256
Australia,Unavailable,257
Austria,ADMIRAL Bundesliga,1
Austria,ADMIRAL 2. Liga,2
Austria,Regionalliga Mitte,3
Austria,Regionalliga Ost,4
Austria,Regionalliga West,5
Austria,Wiener Stadtliga,6
Austria,Landesliga Niederösterreich,7
Austria,Radio Oberösterreichische-Landesliga,8
Austria,Landesliga Burgenland,9
Austria,Landesliga Steiermark,10
Austria,Salzburger Liga,11
Austria,Regionalliga Tirol,12
Austria,Eliteliga Vorarlberg,13
Austria,Landesliga Kärnten,14
Austria,2. Landesliga Wien,15
Austria,2. Landesliga Ost NÖ,16
Austria,2. Landesliga West NÖ,17
Austria,2. Landesliga West OÖ,18
Austria,II. Liga Nord Burgenland,19
Austria,II. Liga Mitte Burgenland,20
Austria,II. Liga Süd Burgenland,21
Austria,Oberliga Mitte West STMK,22
Austria,Oberliga Süd Ost STMK,23
Austria,Oberliga Nord STMK,24
Austria,HYPO Tirol Liga,25
Austria,Vorarlbergliga,26
Austria,Unterliga Ost Kärnten,27
Austria,Unterliga West Kärnten,28
Austria,SPARE,255
Austria,NON-LEAGUE,256
Austria,Unavailable,257
Azerbaijan,Topaz Premyer Liqası,1
Azerbaijan,Azərbaycan Birinci Divizionu,2
Azerbaijan,SPARE,255
Azerbaijan,NON-LEAGUE,256
Azerbaijan,Unavailable,257
Bahrain,Nasser Bin Hamad Premier League,1
Bahrain,SPARE,255
Bahrain,NON-LEAGUE,256
Bahrain,Unavailable,257
Bangladesh,Nitol Tata Bangladesh Premier League,1
Bangladesh,SPARE,255
Bangladesh,NON-LEAGUE,256
Bangladesh,Unavailable,257
Barbados,Digicel Premier League,1
Barbados,SPARE,255
Barbados,NON-LEAGUE,256
Barbados,Unavailable,257
Belarus,Belarusbank Vyšejšaja Liha,1
Belarus,Pieršaja Liha,2
Belarus,SPARE,255
Belarus,NON-LEAGUE,256
Belarus,Unavailable,257
Belgium,Jupiler Pro League,1
Belgium,Challenger Pro League,2
Belgium,National Division 1 VV,3
Belgium,National Division 1 ACFF,4
Belgium,Belgian Division 2 VV A,5
Belgium,Belgian Division 2 VV B,6
Belgium,Belgian Division 2 ACFF,7
Belgium,SPARE,255
Belgium,NON-LEAGUE,256
Belgium,Unavailable,257
Belize,Premier League of Belize,1
Belize,SPARE,255
Belize,NON-LEAGUE,256
Belize,Unavailable,257
Benin,Ligue de Football Pro du Bénin,1
Benin,SPARE,255
Benin,NON-LEAGUE,256
Benin,Unavailable,257
Bermuda,Premier Division,1
Bermuda,SPARE,255
Bermuda,NON-LEAGUE,256
Bermuda,Unavailable,257
Bhutan,Bank of Bhutan Premier League,1
Bhutan,SPARE,255
Bhutan,NON-LEAGUE,256
Bhutan,Unavailable,257
Bolivia,Liga de Fútbol Profesional Boliviano,1
Bolivia,SPARE,255
Bolivia,NON-LEAGUE,256
Bolivia,Unavailable,257
Bonaire,Unavailable,257
Bosnia and Herzegovina,BH Telecom Premijer Liga Bosne i Hercegovine,1
Bosnia and Herzegovina,Prva Nogometna Liga Federacije Bosne i Hercegovine,2
Bosnia and Herzegovina,Prva Nogometna Liga Republike Srpske,3
Bosnia and Herzegovina,SPARE,255
Bosnia and Herzegovina,NON-LEAGUE,256
Bosnia and Herzegovina,Unavailable,257
Botswana,Premier League,1
Botswana,SPARE,255
Botswana,NON-LEAGUE,256
Botswana,Unavailable,257
Brazil,Brasileirão Assaí – Série A,1
Brazil,Campeonato Brasileiro Série B,2
Brazil,Campeonato Brasileiro Série C,3
Brazil,Campeonato Brasileiro Série D Grp. 1,4
Brazil,Campeonato Brasileiro Série D Grp. 2,5
Brazil,Campeonato Brasileiro Série D Grp. 3,6
Brazil,Campeonato Brasileiro Série D Grp. 4,7
Brazil,Campeonato Brasileiro Série D Grp. 5,8
Brazil,Campeonato Brasileiro Série D Grp. 6,9
Brazil,Campeonato Brasileiro Série D Grp. 7,10
Brazil,Campeonato Brasileiro Série D Grp. 8,11
Brazil,SPARE,255
Brazil,NON-LEAGUE,256
Brazil,Unavailable,257
Brunei,Liga Super Brunei,1
Brunei,SPARE,255
Brunei,NON-LEAGUE,256
Brunei,Unavailable,257
Bulgaria,Efbet League,1
Bulgaria,Vtora profesionalna futbolna liga,2
Bulgaria,Severoiztochna Treta Liga,3
Bulgaria,Severozapadna Treta Liga,4
Bulgaria,Yugoiztochna Treta Liga,5
Bulgaria,Yugozapadna Treta Liga,6
Bulgaria,SPARE,255
Bulgaria,NON-LEAGUE,256
Bulgaria,Unavailable,257
Burkina Faso,Burkinabé D1,1
Burkina Faso,SPARE,255
Burkina Faso,NON-LEAGUE,256
Burkina Faso,Unavailable,257
Burundi,Primus Ligue,1
Burundi,SPARE,255
Burundi,NON-LEAGUE,256
Burundi,Unavailable,257
Cambodia,Metfone C-League,1
Cambodia,SPARE,255
Cambodia,NON-LEAGUE,256
Cambodia,Unavailable,257
Cameroon,MTN Elite One,1
Cameroon,SPARE,255
Cameroon,NON-LEAGUE,256
Cameroon,Unavailable,257
Canada,Canadian Premier League,1
Canada,League 1 British Columbia,2
Canada,League 1 Ontario,3
Canada,League 1 Québec,4
Canada,League 1 Alberta,5
Canada,SPARE,255
Canada,NON-LEAGUE,256
Canada,Unavailable,257
Cape Verde,Cape Verdean Competition,1
Cape Verde,SPARE,255
Cape Verde,NON-LEAGUE,256
Cape Verde,Unavailable,257
Central African Republic,Ligue de Bangui,1
Central African Republic,SPARE,255
Central African Republic,NON-LEAGUE,256
Central African Republic,Unavailable,257
Chad,Premiere Division,1
Chad,SPARE,255
Chad,NON-LEAGUE,256
Chad,Unavailable,257
Chile,Campeonato AFP PlanVital,1
Chile,Campeonato Betsson,2
Chile,Segunda División Profesional de Chile,3
Chile,Tercera División A de Chile,4
Chile,SPARE,255
Chile,NON-LEAGUE,256
Chile,Unavailable,257
Chinese Taipei,Chinese Taipei Football Premier League,1
Chinese Taipei,SPARE,255
Chinese Taipei,NON-LEAGUE,256
Chinese Taipei,Unavailable,257
Colombia,Liga BetPlay Dimayor,1
Colombia,Torneo BetPlay Dimayor,2
Colombia,SPARE,255
Colombia,NON-LEAGUE,256
Colombia,Unavailable,257
Comoros,Unavailable,257
Costa Rica,Liga Promérica,1
Costa Rica,SPARE,255
Costa Rica,NON-LEAGUE,256
Costa Rica,Unavailable,257
Côte d'Ivoire,MTN Ligue 1,1
Côte d'Ivoire,SPARE,255
Côte d'Ivoire,NON-LEAGUE,256
Côte d'Ivoire,Unavailable,257
Croatia,SuperSport Hrvatska nogometna liga,1
Croatia,Prva nogometna liga,2
Croatia,Druga nogometna liga,3
Croatia,Treca nogometna liga Sjever,4
Croatia,Treca nogometna liga Jug,5
Croatia,Treca nogometna liga Istok,6
Croatia,Treca nogometna liga Zapad,7
Croatia,Treca nogometna liga Centar,8
Croatia,SPARE,255
Croatia,NON-LEAGUE,256
Croatia,Unavailable,257
Cuba,Campeonato Nacional de Liga 2024,1
Cuba,SPARE,255
Cuba,NON-LEAGUE,256
Cuba,Unavailable,257
Curaçao,SPARE,255
Curaçao,NON-LEAGUE,256
Curaçao,Unavailable,257
Cyprus,Cyta Championship,1
Cyprus,Défteri Katigoría,2
Cyprus,Tríti Katigoría,3
Cyprus,SPARE,255
Cyprus,NON-LEAGUE,256
Cyprus,Unavailable,257
Czechia,Chance liga,1
Czechia,Chance NÁRODNÍ LIGA,2
Czechia,Česká Fotbalová Liga A,3
Czechia,Česká Fotbalová Liga B,4
Czechia,Moravskoslezská Fotbalová Liga,5
Czechia,Česká Divize A,6
Czechia,Česká Divize B,7
Czechia,Česká Divize C,8
Czechia,Moravskoslezská Divize D,9
Czechia,Moravskoslezská Divize E,10
Czechia,Moravskoslezská Divize F,11
Czechia,SPARE,255
Czechia,NON-LEAGUE,256
Czechia,Unavailable,257
Democratic Republic of Timor-Leste,Unavailable,257
Denmark,3F Superliga,1
Denmark,NordicBet Liga,2
Denmark,2. Division,3
Denmark,3. Division,4
Denmark,Danmarksserien Pulje 1,5
Denmark,Danmarksserien Pulje 2,6
Denmark,Danmarksserien Pulje 3,7
Denmark,Danmarksserien Pulje 4,8
Denmark,SPARE,255
Denmark,NON-LEAGUE,256
Denmark,Unavailable,257
Djibouti,Championnat National de la Première Division,1
Djibouti,SPARE,255
Djibouti,NON-LEAGUE,256
Djibouti,Unavailable,257
Dominica,DFA Premier League,1
Dominica,SPARE,255
Dominica,NON-LEAGUE,256
Dominica,Unavailable,257
Ecuador,LigaPro Betcris,1
Ecuador,LigaPro Betcris Serie B,2
Ecuador,SPARE,255
Ecuador,NON-LEAGUE,256
Ecuador,Unavailable,257
Egypt,Presentation Egyptian Premier League,1
Egypt,Egyptian Second Division A,2
Egypt,SPARE,255
Egypt,NON-LEAGUE,256
Egypt,Unavailable,257
El Salvador,Primera División de Fútbol Profesional,1
El Salvador,SPARE,255
El Salvador,NON-LEAGUE,256
El Salvador,Unavailable,257
England,Premier League,1
England,Sky Bet Championship,2
England,Sky Bet League One,3
England,Sky Bet League Two,4
England,Vanarama National League,5
England,Vanarama National League North,6
England,Vanarama National League South,7
England,BetVictor Northern Premier Division,8
England,English Southern League Premier Central,9
England,English Southern League Premier South,10
England,BetVictor Isthmian Premier Division,11
England,BetVictor Northern League Division One West,12
England,BetVictor Northern League Division One East,13
England,BetVictor Northern League Division One Midlands,14
England,BetVictor Southern Football League Division One South,15
England,BetVictor Southern Football League Division One Central,16
England,BetVictor Isthmian Division One North,17
England,English Isthmian League South Central Division,18
England,BetVictor Isthmian Division One South East,19
England,SPARE,255
England,NON-LEAGUE,256
England,Unavailable,257
Equatorial Guinea,Premier Division,1
Equatorial Guinea,SPARE,255
Equatorial Guinea,NON-LEAGUE,256
Equatorial Guinea,Unavailable,257
Eritrea,SPARE,255
Eritrea,NON-LEAGUE,256
Eritrea,Unavailable,257
Estonia,A. Le Coq Premium Liiga,1
Estonia,Esiliiga,2
Estonia,SPARE,255
Estonia,NON-LEAGUE,256
Estonia,Unavailable,257
Ethiopia,Ethiopia Premier League,1
Ethiopia,SPARE,255
Ethiopia,NON-LEAGUE,256
Ethiopia,Unavailable,257
Fiji,Vodafone Premier League,1
Fiji,SPARE,255
Fiji,NON-LEAGUE,256
Fiji,Unavailable,257
Finland,Veikkausliiga,1
Finland,Ykkösliiga,2
Finland,Ykkönen,3
Finland,Kakkonen A,4
Finland,Kakkonen B,5
Finland,Kakkonen C,6
Finland,SPARE,255
Finland,NON-LEAGUE,256
Finland,Unavailable,257
France,Ligue 1 Conforama,1
France,Domino's Ligue 2,2
France,Championnat National,3
France,Championnat National 2 Groupe A,4
France,Championnat National 2 Groupe B,5
France,Championnat National 2 Groupe C,6
France,Championnat National 3 Group A,7
France,Championnat National 3 Group B,8
France,Championnat National 3 Group C,9
France,Championnat National 3 Group D,10
France,Championnat National 3 Group E,11
France,Championnat National 3 Group F,12
France,Championnat National 3 Group G,13
France,Championnat National 3 Group H,14
France,Championnat National 3 Group I,15
France,Championnat National 3 Group J,16
France,SPARE,255
France,NON-LEAGUE,256
France,Unavailable,257
French Guiana,Unavailable,257
Gabon,LINAF National Foot 1,1
Gabon,SPARE,255
Gabon,NON-LEAGUE,256
Gabon,Unavailable,257
Georgia,Crystalbet Erovnuli Liga,1
Georgia,Crystalbet Erovnuli Liga 2,2
Georgia,Liga 3,3
Georgia,SPARE,255
Georgia,NON-LEAGUE,256
Georgia,Unavailable,257
Germany,Bundesliga,1
Germany,2. Bundesliga,2
Germany,3. Liga,3
Germany,Regionalliga Nord,4
Germany,Regionalliga Nordost,5
Germany,Regionalliga West,6
Germany,Regionalliga Südwest,7
Germany,Regionalliga Bayern,8
Germany,Oberliga Schleswig-Holstein,9
Germany,Oberliga Hamburg,10
Germany,Oberliga Bremen,11
Germany,Oberliga Niedersachsen,12
Germany,NOFV-Oberliga Nord,13
Germany,NOFV-Oberliga Süd,14
Germany,Oberliga Westfalen,15
Germany,Oberliga Niederrhein,16
Germany,Oberliga Mittelrhein,17
Germany,Hessenliga,18
Germany,Oberliga Rheinland-Pfalz/Saar,19
Germany,Oberliga Baden-Württemberg,20
Germany,Bayernliga Nord,21
Germany,Bayernliga Süd,22
Germany,SPARE,255
Germany,NON-LEAGUE,256
Germany,Unavailable,257
Ghana,Zylofon Cash Premier League,1
Ghana,SPARE,255
Ghana,NON-LEAGUE,256
Ghana,Unavailable,257
Gibraltar,Gibraltar National League,1
Gibraltar,SPARE,255
Gibraltar,NON-LEAGUE,256
Gibraltar,Unavailable,257
Greece,SuperLeague 1,1
Greece,SuperLeague 2 North,2
Greece,SuperLeague 2 South,3
Greece,Gamma Ethniki Gr. 1,4
Greece,Gamma Ethniki Gr. 2,5
Greece,Gamma Ethniki Gr. 3,6
Greece,Gamma Ethniki Gr. 4,7
Greece,SPARE,255
Greece,NON-LEAGUE,256
Greece,Unavailable,257
Grenada,Grenada Premier League 2024,1
Grenada,SPARE,255
Grenada,NON-LEAGUE,256
Grenada,Unavailable,257
Guadeloupe,Unavailable,257
Guam,Budweiser G-League,1
Guam,SPARE,255
Guam,NON-LEAGUE,256
Guam,Unavailable,257
Guatemala,Liga Nacional de Fútbol de Guatemala,1
Guatemala,SPARE,255
Guatemala,NON-LEAGUE,256
Guatemala,Unavailable,257
Guinea,Ligue 1 Nimba Mining,1
Guinea,SPARE,255
Guinea,NON-LEAGUE,256
Guinea,Unavailable,257
Guinea-Bissau,I Divisão,1
Guinea-Bissau,SPARE,255
Guinea-Bissau,NON-LEAGUE,256
Guinea-Bissau,Unavailable,257
Guyana,GFF/Banks DIH Premier League,1
Guyana,SPARE,255
Guyana,NON-LEAGUE,256
Guyana,Unavailable,257
Haiti,Championnat National,1
Haiti,SPARE,255
Haiti,NON-LEAGUE,256
Haiti,Unavailable,257
Honduras,Liga Nacional de Fútbol Profesional de Honduras,1
Honduras,SPARE,255
Honduras,NON-LEAGUE,256
Honduras,Unavailable,257
Hong Kong,BOC Life Hong Kong Premier League,1
Hong Kong,Hong Kong First Division League,2
Hong Kong,Hong Kong Second Division League,3
Hong Kong,Hong Kong Third Division League,4
Hong Kong,SPARE,255
Hong Kong,NON-LEAGUE,256
Hong Kong,Unavailable,257
Hungary,OTP Bank Liga,1
Hungary,Merkantil Bank Liga,2
Hungary,Nemzeti Bajnokság III - Északnyugati csoport,3
Hungary,Nemzeti Bajnokság III - Északkeleti csoport,4
Hungary,Nemzeti Bajnokság III - Délnyugati csoport,5
Hungary,Nemzeti Bajnokság III - Délkeleti csoport,6
Hungary,SPARE,255
Hungary,NON-LEAGUE,256
Hungary,Unavailable,257
Iceland,Pepsideild,1
Iceland,Inkasso deildin,2
Iceland,2. deild karla,3
Iceland,3. deild karla,4
Iceland,SPARE,255
Iceland,NON-LEAGUE,256
Iceland,Unavailable,257
India,Hero Indian Super League,1
India,Hero I-League,2
India,SPARE,255
India,NON-LEAGUE,256
India,Unavailable,257
Indonesia,Shopee Liga 1,1
Indonesia,Liga 2 Barat,2
Indonesia,Liga 2 Tengah,3
Indonesia,Liga 2 Timur,4
Indonesia,SPARE,255
Indonesia,NON-LEAGUE,256
Indonesia,Unavailable,257
Iraq,Asia Cell Premier League,1
Iraq,SPARE,255
Iraq,NON-LEAGUE,256
Iraq,Unavailable,257
Israel,Ligat ha'AL,1
Israel,Liga Le'umit,2
Israel,Liga Alef Tzafon,3
Israel,Liga Alef Darom,4
Israel,SPARE,255
Israel,NON-LEAGUE,256
Israel,Unavailable,257
Italy,Serie A TIM,1
Italy,Serie BKT,2
Italy,Serie C Girone A,3
Italy,Serie C Girone B,4
Italy,Serie C Girone C,5
Italy,Serie D Girone A,6
Italy,Serie D Girone B,7
Italy,Serie D Girone C,8
Italy,Serie D Girone D,9
Italy,Serie D Girone E,10
Italy,Serie D Girone F,11
Italy,Serie D Girone G,12
Italy,Serie D Girone H,13
Italy,Serie D Girone I,14
Italy,SPARE,255
Italy,NON-LEAGUE,256
Italy,Unavailable,257
Jamaica,Jamaica Premier League,1
Jamaica,SPARE,255
Jamaica,NON-LEAGUE,256
Jamaica,Unavailable,257
Japan,Meiji-Yasuda J.League Division One,1
Japan,Meiji-Yasuda J.League Division Two,2
Japan,Meiji-Yasuda J.League Division Three,3
Japan,Japan Football League,4
Japan,SPARE,255
Japan,NON-LEAGUE,256
Japan,Unavailable,257
Jordan,AL-Manaseer Jordanian Pro League,1
Jordan,SPARE,255
Jordan,NON-LEAGUE,256
Jordan,Unavailable,257
Kazakhstan,Qazaqstan Premer Lïgası,1
Kazakhstan,Qazaqstan Birinşi Lïgası,2
Kazakhstan,Qazaqstan Ekinşi Lïgası - Soltüstik Şığıs Aýmaq,3
Kazakhstan,Qazaqstan Ekinşi Lïgası - Oñtüstik Batıs Aýmaq,4
Kazakhstan,SPARE,255
Kazakhstan,NON-LEAGUE,256
Kazakhstan,Unavailable,257
Kenya,Kenyan Premier League,1
Kenya,SPARE,255
Kenya,NON-LEAGUE,256
Kenya,Unavailable,257
Kingdom of Eswatini,MTN Premier League,1
Kingdom of Eswatini,SPARE,255
Kingdom of Eswatini,NON-LEAGUE,256
Kingdom of Eswatini,Unavailable,257
Kiribati,Unavailable,257
Kosovo,Kosovo Superliga,1
Kosovo,Liga e Parë Group A,2
Kosovo,Liga e Parë Group B,3
Kosovo,SPARE,255
Kosovo,NON-LEAGUE,256
Kosovo,Unavailable,257
Kuwait,Zain Premier League,1
Kuwait,SPARE,255
Kuwait,Unavailable,257
Laos,Pepsi Lao Premier League,1
Laos,SPARE,255
Laos,NON-LEAGUE,256
Laos,Unavailable,257
Latvia,Optibet Virsliga,1
Latvia,Komanda.lv Pirma liga,2
Latvia,SPARE,255
Latvia,NON-LEAGUE,256
Latvia,Unavailable,257
Lebanon,Lebanese Premier League,1
Lebanon,SPARE,255
Lebanon,NON-LEAGUE,256
Lebanon,Unavailable,257
Lesotho,Econet Premier League,1
Lesotho,SPARE,255
Lesotho,NON-LEAGUE,256
Lesotho,Unavailable,257
Liberia,LFA-Cellcom First Division League,1
Liberia,SPARE,255
Liberia,NON-LEAGUE,256
Liberia,Unavailable,257
Libya,Libya Premier League,1
Libya,Libya Premier League 2,2
Libya,SPARE,255
Libya,NON-LEAGUE,256
Libya,Unavailable,257
Liechtenstein,SPARE,255
Liechtenstein,Unavailable,257
Lithuania,LFF A Lyga,1
Lithuania,Pirma Lyga,2
Lithuania,SPARE,255
Lithuania,NON-LEAGUE,256
Lithuania,Unavailable,257
Luxembourg,BGL Ligue,1
Luxembourg,Foussball Éirepromotioun,2
Luxembourg,1. Divisioun North,3
Luxembourg,1. Divisioun South,4
Luxembourg,SPARE,255
Luxembourg,NON-LEAGUE,256
Luxembourg,Unavailable,257
Macau,Liga de Elite,1
Macau,SPARE,255
Macau,NON-LEAGUE,256
Macau,Unavailable,257
Madagascar,Pro League,1
Madagascar,SPARE,255
Madagascar,NON-LEAGUE,256
Madagascar,Unavailable,257
Malawi,TNM Super League,1
Malawi,SPARE,255
Malawi,NON-LEAGUE,256
Malawi,Unavailable,257
Malaysia,unifi Liga Super Malaysia,1
Malaysia,Malaysia A1 Semi-Pro League,2
Malaysia,SPARE,255
Malaysia,NON-LEAGUE,256
Malaysia,Unavailable,257
Maldives,SPARE,255
Maldives,NON-LEAGUE,256
Maldives,Unavailable,257
Mali,Ligue 1 Orange Mali,1
Mali,SPARE,255
Mali,NON-LEAGUE,256
Mali,Unavailable,257
Malta,Bank of Valletta Premier League,1
Malta,BOV Challenge League,2
Malta,SPARE,255
Malta,NON-LEAGUE,256
Malta,Unavailable,257
Martinique,Unavailable,257
Mauritania,Super D1,1
Mauritania,SPARE,255
Mauritania,NON-LEAGUE,256
Mauritania,Unavailable,257
Mauritius,National Super League,1
Mauritius,SPARE,255
Mauritius,NON-LEAGUE,256
Mauritius,Unavailable,257
Mayotte,Unavailable,257
Mexico,Liga BBVA Bancomer MX,1
Mexico,Ascenso BBVA Bancomer MX,2
Mexico,Liga Premier de México Serie A Grupo I,3
Mexico,Liga Premier de México Serie A Grupo II,4
Mexico,Liga Premier de México Serie A Grupo III,5
Mexico,Liga Premier de México Serie B,6
Mexico,SPARE,255
Mexico,NON-LEAGUE,256
Mexico,Unavailable,257
Micronesia,Unavailable,257
Moldova,Divizia Naţională,1
Moldova,Liga 1 Grupa A,2
Moldova,Liga 1 Grupa B,3
Moldova,SPARE,255
Moldova,NON-LEAGUE,256
Moldova,Unavailable,257
Mongolia,Khürkhree Lig,1
Mongolia,SPARE,255
Mongolia,NON-LEAGUE,256
Mongolia,Unavailable,257
Montenegro,T-Com Prva crnogorska fudbalska liga,1
Montenegro,Druga crnogorska fudbalska liga,2
Montenegro,SPARE,255
Montenegro,NON-LEAGUE,256
Montenegro,Unavailable,257
Montserrat,SPARE,255
Montserrat,Unavailable,257
Morocco,Botola Pro Inwi,1
Morocco,Botola Pro 2 Inwi,2
Morocco,SPARE,255
Morocco,NON-LEAGUE,256
Morocco,Unavailable,257
Mozambique,Moçambola,1
Mozambique,SPARE,255
Mozambique,NON-LEAGUE,256
Mozambique,Unavailable,257
Myanmar,Ooredoo Myanmar National League,1
Myanmar,SPARE,255
Myanmar,NON-LEAGUE,256
Myanmar,Unavailable,257
Namibia,MTC Namibia Premier Leagueâ€‹,1
Namibia,SPARE,255
Namibia,NON-LEAGUE,256
Namibia,Unavailable,257
Nepal,SPARE,255
Nepal,NON-LEAGUE,256
Nepal,Unavailable,257
New Caledonia,New Caledonia Super Ligue,1
New Caledonia,SPARE,255
New Caledonia,NON-LEAGUE,256
New Caledonia,Unavailable,257
New Zealand,National League,1
New Zealand,Northern League,2
New Zealand,Central League,3
New Zealand,Southern League,4
New Zealand,Lotto Sport Italia NRFL Division 1,5
New Zealand,Central Federation League,6
New Zealand,Ultra Football Capital Premier ,7
New Zealand,New World Premiership,8
New Zealand,ODT Southern Premiership,9
New Zealand,SPARE,255
New Zealand,NON-LEAGUE,256
New Zealand,Unavailable,257
Nicaragua,Primera División de Nicaragua,1
Nicaragua,SPARE,255
Nicaragua,NON-LEAGUE,256
Nicaragua,Unavailable,257
Niger,Superligue,1
Niger,SPARE,255
Niger,NON-LEAGUE,256
Niger,Unavailable,257
Nigeria,Nigerian Professional Football League,1
Nigeria,SPARE,255
Nigeria,NON-LEAGUE,256
Nigeria,Unavailable,257
Northern Ireland,Danske Bank Premiership,1
Northern Ireland,Bluefin Sport Championship,2
Northern Ireland,Bluefin Sport Premier Intermediate League,3
Northern Ireland,SPARE,255
Northern Ireland,NON-LEAGUE,256
Northern Ireland,Unavailable,257
Northern Mariana Islands,Unavailable,257
Norway,Eliteserien,1
Norway,OBOS-ligaen,2
Norway,PostNord-ligaen Avd. 1,3
Norway,PostNord-ligaen Avd. 2,4
Norway,Tipping-ligaen Avdeling 1,5
Norway,Tipping-ligaen Avdeling 2,6
Norway,Tipping-ligaen Avdeling 3,7
Norway,Tipping-ligaen Avdeling 4,8
Norway,Tipping-ligaen Avdeling 5,9
Norway,Tipping-ligaen Avdeling 6,10
Norway,SPARE,255
Norway,NON-LEAGUE,256
Norway,Unavailable,257
Oman,Omantel Professional League,1
Oman,SPARE,255
Oman,NON-LEAGUE,256
Oman,Unavailable,257
Pakistan,SPARE,255
Pakistan,NON-LEAGUE,256
Pakistan,Unavailable,257
Palestine,SPARE,255
Palestine,NON-LEAGUE,256
Palestine,Unavailable,257
Panama,Liga LPF Tigo,1
Panama,SPARE,255
Panama,NON-LEAGUE,256
Panama,Unavailable,257
Papua New Guinea,Premier Soccer League,1
Papua New Guinea,SPARE,255
Papua New Guinea,NON-LEAGUE,256
Papua New Guinea,Unavailable,257
Paraguay,Copa de Primera División Tigo-Visión Banco,1
Paraguay,División Intermedia,2
Paraguay,SPARE,255
Paraguay,NON-LEAGUE,256
Paraguay,Unavailable,257
Peru,Liga 1 Betsson,1
Peru,Liga 2 2024 Zona Norte,2
Peru,Liga 2 2024 Zona Sur,3
Peru,SPARE,255
Peru,NON-LEAGUE,256
Peru,Unavailable,257
Philippines,Philippines Football League,1
Philippines,SPARE,255
Philippines,NON-LEAGUE,256
Philippines,Unavailable,257
Poland,PKO Ekstraklasa,1
Poland,Fortuna I Liga,2
Poland,eWinner II Liga,3
Poland,III Liga Polska Grupa I,4
Poland,III Liga Polska Grupa II,5
Poland,III Liga Polska Grupa III,6
Poland,III Liga Polska Grupa IV,7
Poland,SPARE,255
Poland,NON-LEAGUE,256
Poland,Unavailable,257
Portugal,Liga Portugal bwin,1
Portugal,Liga Portugal 2 SABSEG,2
Portugal,Liga 3 Série A,3
Portugal,Liga 3 Série B,4
Portugal,Campeonato de Portugal Série A,5
Portugal,Campeonato de Portugal Série B,6
Portugal,Campeonato de Portugal Série C,7
Portugal,Campeonato de Portugal Série D,8
Portugal,SPARE,255
Portugal,NON-LEAGUE,256
Portugal,Unavailable,257
Puerto Rico,Liga Puerto Rico,1
Puerto Rico,SPARE,255
Puerto Rico,NON-LEAGUE,256
Puerto Rico,Unavailable,257
Qatar,QNB Stars League,1
Qatar,Qatargas League,2
Qatar,SPARE,255
Qatar,NON-LEAGUE,256
Qatar,Unavailable,257
Réunion,Unavailable,257
Romania,Casa Liga I,1
Romania,Liga II Casa Pariurilor,2
Romania,Liga III Seria I,3
Romania,Liga III Seria II,4
Romania,Liga III Seria III,5
Romania,Liga III Seria IV,6
Romania,Liga III Seria V,7
Romania,Liga III Seria VI,8
Romania,Liga III Seria VII,9
Romania,Liga III Seria VIII,10
Romania,Liga III Seria IX,11
Romania,Liga III Seria X,12
Romania,SPARE,255
Romania,NON-LEAGUE,256
Romania,Unavailable,257
Russia,MIR Rossiyskaya Premyer-Liga,1
Russia,1. MELBET Pervaya Liga,2
Russia,Russian Second Division Gold,3
Russia,Russian Second Division Silver,4
Russia,SPARE,255
Russia,NON-LEAGUE,256
Russia,Unavailable,257
Rwanda,Azam Rwanda Premier League,1
Rwanda,SPARE,255
Rwanda,NON-LEAGUE,256
Rwanda,Unavailable,257
Saint Barthélemy,Unavailable,257
Saint Kitts and Nevis,NBGC ​Super League 2024,1
Saint Kitts and Nevis,SPARE,255
Saint Kitts and Nevis,NON-LEAGUE,256
Saint Kitts and Nevis,Unavailable,257
Saint Lucia,SLFA First Division 2024,1
Saint Lucia,SPARE,255
Saint Lucia,NON-LEAGUE,256
Saint Lucia,Unavailable,257
Saint Pierre and Miquelon,Unavailable,257
Saint Vincent and the Grenadines,Vincy Premier League,1
Saint Vincent and the Grenadines,SPARE,255
Saint Vincent and the Grenadines,NON-LEAGUE,256
Saint Vincent and the Grenadines,Unavailable,257
Saint-Martin,Unavailable,257
Samoa,Samoan National League,1
Samoa,SPARE,255
Samoa,NON-LEAGUE,256
Samoa,Unavailable,257
San Marino,Campionato Sammarinese,1
San Marino,NON-LEAGUE,256
San Marino,Unavailable,257
São Tomé & Príncipe,São Toméan Football Premier Division,1
São Tomé & Príncipe,SPARE,255
São Tomé & Príncipe,NON-LEAGUE,256
São Tomé & Príncipe,Unavailable,257
Saudi Arabia,Roshn Saudi League,1
Saudi Arabia,Yelo League,2
Saudi Arabia,SPARE,255
Saudi Arabia,NON-LEAGUE,256
Saudi Arabia,Unavailable,257
Scotland,Ladbrokes Premiership,1
Scotland,Ladbrokes Championship,2
Scotland,Ladbrokes League One,3
Scotland,Ladbrokes League Two,4
Scotland,Breedon Highland League,5
Scotland,GeoSonic Lowland League,6
Scotland,SPARE,255
Scotland,NON-LEAGUE,256
Scotland,Unavailable,257
Senegal,Ligue 1 StarTimes,1
Senegal,SPARE,255
Senegal,NON-LEAGUE,256
Senegal,Unavailable,257
Serbia,Linglong Tire Super liga,1
Serbia,Prva liga Srbije,2
Serbia,Srpska liga Zapad,3
Serbia,Srpska liga Vojvodina,4
Serbia,Srpska liga Beograd,5
Serbia,Srpska liga Istok,6
Serbia,SPARE,255
Serbia,NON-LEAGUE,256
Serbia,Unavailable,257
Seychelles,Barclays Division One,1
Seychelles,SPARE,255
Seychelles,NON-LEAGUE,256
Seychelles,Unavailable,257
Sierra Leone,Sierra Leone National Premier League,1
Sierra Leone,SPARE,255
Sierra Leone,NON-LEAGUE,256
Sierra Leone,Unavailable,257
Singapore,AIA Singapore Premier League,1
Singapore,SPARE,255
Singapore,NON-LEAGUE,256
Singapore,Unavailable,257
Sint Maarten,Unavailable,257
Slovakia,Fortuna Liga,1
Slovakia,Druhá Futbalová Liga,2
Slovakia,SPARE,255
Slovakia,NON-LEAGUE,256
Slovakia,Unavailable,257
Slovenia,PrvaLiga Telekom Slovenije,1
Slovenia,2. Slovenska Nogometna Liga,2
Slovenia,3. Slovenska Nogometna Liga Vzhod,3
Slovenia,3. Slovenska Nogometna Liga Zahod,4
Slovenia,SPARE,255
Slovenia,NON-LEAGUE,256
Slovenia,Unavailable,257
Somalia,Somali National League,1
Somalia,SPARE,255
Somalia,NON-LEAGUE,256
Somalia,Unavailable,257
South Africa,DSTV Premiership,1
South Africa,Motsepe Foundation Championship,2
South Africa,SPARE,255
South Africa,NON-LEAGUE,256
South Africa,Unavailable,257
South Sudan,Unavailable,257
Soviet Union,Unavailable,257
Spain,LaLiga Santander,1
Spain,LaLiga SmartBank,2
Spain,Primera División RFEF Grupo I,3
Spain,Primera División RFEF Grupo II,4
Spain,Segunda División RFEF Grupo I,5
Spain,Segunda División RFEF Grupo II,6
Spain,Segunda División RFEF Grupo III,7
Spain,Segunda División RFEF Grupo IV,8
Spain,Segunda División RFEF Grupo V,9
Spain,Tercera División RFEF Grupo I - Galicia,10
Spain,Tercera División Grupo II - Asturias,11
Spain,Tercera División Grupo III - Cantabria,12
Spain,Tercera División Grupo IV - País Vasco,13
Spain,Tercera División Grupo V - Cataluña,14
Spain,Tercera División Grupo VI - Comunidad Valenciana,15
Spain,Tercera División Grupo VII - Comunidad de Madrid,16
Spain,Tercera División Grupo VIII - Castilla y León,17
Spain,Tercera División Grupo IX - Andalucía Oriental y Melilla,18
Spain,Tercera División Grupo X - Andalucía Occidental y Ceuta,19
Spain,Tercera División Grupo XI - Islas Baleares,20
Spain,Tercera División Grupo XII - Islas Canarias,21
Spain,Tercera División Grupo XIII - Región de Murcia,22
Spain,Tercera División Grupo XIV - Extremadura,23
Spain,Tercera División Grupo XV - Navarra,24
Spain,Tercera División Grupo XVI - La Rioja,25
Spain,Tercera División Grupo XVII - Aragón,26
Spain,Tercera División Grupo XVIII - Castilla-La Mancha,27
Spain,SPARE,255
Spain,NON-LEAGUE,256
Spain,Unavailable,257
Sri Lanka,SPARE,255
Sri Lanka,NON-LEAGUE,256
Sri Lanka,Unavailable,257
Sudan,SPARE,255
Sudan,NON-LEAGUE,256
Sudan,Unavailable,257
Suriname,SVB Eerste Divisie,1
Suriname,SPARE,255
Suriname,NON-LEAGUE,256
Suriname,Unavailable,257
Sweden,Allsvenskan,1
Sweden,Superettan,2
Sweden,Division 1 Södra,3
Sweden,Division 1 Norra,4
Sweden,Division 2 Norrland,5
Sweden,Division 2 Norra Svealand,6
Sweden,Division 2 Södra Svealand,7
Sweden,Division 2 Norra Götaland,8
Sweden,Division 2 Södra Götaland,9
Sweden,Division 2 Västra Götaland,10
Sweden,SPARE,255
Sweden,NON-LEAGUE,256
Sweden,Unavailable,257
Switzerland,Credit Suisse Super League,1
Switzerland,dieci Challenge League,2
Switzerland,Hoval Promotion League,3
Switzerland,Erste Liga Gruppe 1,4
Switzerland,Erste Liga Gruppe 2,5
Switzerland,Erste Liga Gruppe 3,6
Switzerland,2. Liga Interregional Gruppe 1,7
Switzerland,2. Liga Interregional Gruppe 2,8
Switzerland,2. Liga Interregional Gruppe 3,9
Switzerland,2. Liga Interregional Gruppe 4,10
Switzerland,SPARE,255
Switzerland,NON-LEAGUE,256
Switzerland,Unavailable,257
Syria,FASF Premier League,1
Syria,SPARE,255
Syria,NON-LEAGUE,256
Syria,Unavailable,257
Tahiti,Ligue 1 Vini,1
Tahiti,SPARE,255
Tahiti,NON-LEAGUE,256
Tahiti,Unavailable,257
Tajikistan,Tochikiston Vyschaya Liga,1
Tajikistan,SPARE,255
Tajikistan,NON-LEAGUE,256
Tajikistan,Unavailable,257
Tanzania,Vodacom Tanzania Premier League,1
Tanzania,SPARE,255
Tanzania,NON-LEAGUE,256
Tanzania,Unavailable,257
Thailand,Toyota Thai League,1
Thailand,Thai League 2 M-150 Championship,2
Thailand,Thai League Three Western Region,3
Thailand,Thai League Three Northern Region,4
Thailand,Thai League Three North Eastern Region,5
Thailand,Thai League Three Bangkok Perimeter Region,6
Thailand,Thai League Three Southern Region,7
Thailand,Thai League Three Eastern Region,8
Thailand,SPARE,255
Thailand,NON-LEAGUE,256
Thailand,Unavailable,257
The Bahamas,BFA Senior League,1
The Bahamas,SPARE,255
The Bahamas,NON-LEAGUE,256
The Bahamas,Unavailable,257
The British Virgin Islands,BVIFA National League,1
The British Virgin Islands,NON-LEAGUE,256
The British Virgin Islands,Unavailable,257
The Cayman Islands,CIFA Men's Premier League,1
The Cayman Islands,SPARE,255
The Cayman Islands,NON-LEAGUE,256
The Cayman Islands,Unavailable,257
The Cook Islands,SPARE,255
The Cook Islands,NON-LEAGUE,256
The Cook Islands,Unavailable,257
The Czech Republic,Unavailable,257
The Democratic People's Republic of Korea,DPR Korea Premier Football League,1
The Democratic People's Republic of Korea,SPARE,255
The Democratic People's Republic of Korea,NON-LEAGUE,256
The Democratic People's Republic of Korea,Unavailable,257
The Democratic Republic of the Congo,Vodacom Ligue 1,1
The Democratic Republic of the Congo,SPARE,255
The Democratic Republic of the Congo,NON-LEAGUE,256
The Democratic Republic of the Congo,Unavailable,257
The Dominican Republic,Liga Dominicana de Fútbol,1
The Dominican Republic,SPARE,255
The Dominican Republic,NON-LEAGUE,256
The Dominican Republic,Unavailable,257
The Faroe Islands,Betrideildin,1
The Faroe Islands,1. Deild,2
The Faroe Islands,SPARE,255
The Faroe Islands,NON-LEAGUE,256
The Faroe Islands,Unavailable,257
The Gambia,GFA League First Division,1
The Gambia,SPARE,255
The Gambia,NON-LEAGUE,256
The Gambia,Unavailable,257
The German Democratic Republic,Unavailable,257
The Islamic Republic of Iran,Persian Gulf Pro League,1
The Islamic Republic of Iran,Azadegan League,2
The Islamic Republic of Iran,Iranian 2nd Division - Group A,3
The Islamic Republic of Iran,Iranian 2nd Division - Group B,4
The Islamic Republic of Iran,SPARE,255
The Islamic Republic of Iran,NON-LEAGUE,256
The Islamic Republic of Iran,Unavailable,257
The Kingdom of Great Britain,Unavailable,257
The Kyrgyz Republic,SHORO Top-Liga,1
The Kyrgyz Republic,SPARE,255
The Kyrgyz Republic,NON-LEAGUE,256
The Kyrgyz Republic,Unavailable,257
The Netherlands,Eredivisie,1
The Netherlands,Keuken Kampioen Divisie,2
The Netherlands,Tweede Divisie,3
The Netherlands,Derde Divisie A,4
The Netherlands,Derde Divisie B,5
The Netherlands,Vierde divisie A,6
The Netherlands,Vierde divisie B,7
The Netherlands,Vierde divisie C,8
The Netherlands,Vierde divisie D,9
The Netherlands,SPARE,255
The Netherlands,NON-LEAGUE,256
The Netherlands,Unavailable,257
The People's Republic of China,Ping An CFA Super League,1
The People's Republic of China,58.com CFA Jia League,2
The People's Republic of China,CFA Division Two League Division North,3
The People's Republic of China,CFA Division Two League Division South,4
The People's Republic of China,SPARE,255
The People's Republic of China,NON-LEAGUE,256
The People's Republic of China,Unavailable,257
The Republic of Crimea,Unavailable,257
The Republic of Ireland,SSE Aitricity Premier Division,1
The Republic of Ireland,SSE Airtricity First Division,2
The Republic of Ireland,SPARE,255
The Republic of Ireland,NON-LEAGUE,256
The Republic of Ireland,Unavailable,257
The Republic of Korea,KEB Hana Bank K League 1,1
The Republic of Korea,KEB Hana Bank K League 2,2
The Republic of Korea,K3 League,3
The Republic of Korea,K4 League,4
The Republic of Korea,SPARE,255
The Republic of Korea,NON-LEAGUE,256
The Republic of Korea,Unavailable,257
The Republic of North Macedonia,Prva Makedonska Liga,1
The Republic of North Macedonia,Vtora Makedonska Liga,2
The Republic of North Macedonia,SPARE,255
The Republic of North Macedonia,NON-LEAGUE,256
The Republic of North Macedonia,Unavailable,257
The Republic of the Congo,Championnat National MTN,1
The Republic of the Congo,SPARE,255
The Republic of the Congo,NON-LEAGUE,256
The Republic of the Congo,Unavailable,257
The Solomon Islands,Telekom S-League,1
The Solomon Islands,SPARE,255
The Solomon Islands,NON-LEAGUE,256
The Solomon Islands,Unavailable,257
The Territory of Wallis and Futuna Islands,Unavailable,257
The Turks & Caicos Islands,Provo Premier League,1
The Turks & Caicos Islands,SPARE,255
The Turks & Caicos Islands,Unavailable,257
The United Arab Emirates,Arabian Gulf League,1
The United Arab Emirates,UAE First Division League,2
The United Arab Emirates,SPARE,255
The United Arab Emirates,NON-LEAGUE,256
The United Arab Emirates,Unavailable,257
The United States of America,Major League Soccer,1
The United States of America,United Soccer League Western Conference,2
The United States of America,United Soccer League Eastern Conference,3
The United States of America,United Soccer League One,4
The United States of America,Major League Soccer Next Pro Western Conference,5
The United States of America,Major League Soccer Next Pro Eastern Conference,6
The United States of America,SPARE,255
The United States of America,NON-LEAGUE,256
The United States of America,Unavailable,257
The United States Virgin Islands,SPARE,255
The United States Virgin Islands,NON-LEAGUE,256
The United States Virgin Islands,Unavailable,257
Togo,Championnat National de Première Division,1
Togo,SPARE,255
Togo,NON-LEAGUE,256
Togo,Unavailable,257
Tonga,Tonga Major League - Premier Division,1
Tonga,SPARE,255
Tonga,NON-LEAGUE,256
Tonga,Unavailable,257
Trinidad and Tobago,TT Premier Football League 2024/25,1
Trinidad and Tobago,SPARE,255
Trinidad and Tobago,NON-LEAGUE,256
Trinidad and Tobago,Unavailable,257
Tunisia,Championnat de la Ligue Professionnelle 1,1
Tunisia,SPARE,255
Tunisia,NON-LEAGUE,256
Tunisia,Unavailable,257
Türkiye,Süper Lig,1
Türkiye,TFF 1. Lig,2
Türkiye,TFF 2. Lig Beyaz Grup,3
Türkiye,TFF 2. Lig Kırmızı Grup,4
Türkiye,TFF 3. Lig 1. Grup,5
Türkiye,TFF 3. Lig 2. Grup,6
Türkiye,TFF 3. Lig 3. Grup,7
Türkiye,TFF 3. Lig 4. Grup,8
Türkiye,SPARE,255
Türkiye,NON-LEAGUE,256
Türkiye,Unavailable,257
Turkmenistan,Эokary Ligasy,1
Turkmenistan,SPARE,255
Turkmenistan,NON-LEAGUE,256
Turkmenistan,Unavailable,257
Tuvalu,Unavailable,257
Uganda,StarTimes Uganda Premier League,1
Uganda,SPARE,255
Uganda,NON-LEAGUE,256
Uganda,Unavailable,257
Ukraine,VBet Liha,1
Ukraine,Persha Liha A,2
Ukraine,Persha Liha B,3
Ukraine,Druha Liha A,4
Ukraine,Druha Liha B,5
Ukraine,SPARE,255
Ukraine,NON-LEAGUE,256
Ukraine,Unavailable,257
Uruguay,Campeonato Uruguayo Copa Coca-Cola,1
Uruguay,Segunda Division Profesional,2
Uruguay,PRIMERA DIVISION AMATEUR Apertura Group A,3
Uruguay,PRIMERA DIVISION AMATEUR Apertura Group B,4
Uruguay,PRIMERA DIVISION AMATEUR Apertura Group C,5
Uruguay,PRIMERA DIVISION AMATEUR Apertura Group D,6
Uruguay,PRIMERA DIVISION AMATEUR Apertura Group E,7
Uruguay,SPARE,255
Uruguay,NON-LEAGUE,256
Uruguay,Unavailable,257
Uzbekistan,Coca-Cola O'zbekiston Superligasi,1
Uzbekistan,Uzbekistan Pro A League,2
Uzbekistan,Birinchi Liga Sharq,3
Uzbekistan,Birinchi Liga G'arb,4
Uzbekistan,SPARE,255
Uzbekistan,NON-LEAGUE,256
Uzbekistan,Unavailable,257
Vanuatu,VFF Champions League,1
Vanuatu,SPARE,255
Vanuatu,NON-LEAGUE,256
Vanuatu,Unavailable,257
Venezuela,Liga FUTVE,1
Venezuela,CENTRO ORIENTAL,2
Venezuela,OCCIDENTAL,3
Venezuela,SPARE,255
Venezuela,NON-LEAGUE,256
Venezuela,Unavailable,257
Vietnam,V.League 1,1
Vietnam,V.League 2,2
Vietnam,SPARE,255
Vietnam,NON-LEAGUE,256
Vietnam,Unavailable,257
Wales,JD Cymru Premier,1
Wales,JD Cymru North,2
Wales,JD Cymru South,3
Wales,SPARE,255
Wales,NON-LEAGUE,256
Wales,Unavailable,257
Yemen,SPARE,255
Yemen,NON-LEAGUE,256
Yemen,Unavailable,257
Yugoslavia,Unavailable,257
Zambia,MTN/FAZ Super Division,1
Zambia,SPARE,255
Zambia,NON-LEAGUE,256
Zambia,Unavailable,257
Zanzibar,NON-LEAGUE,256
Zanzibar,Unavailable,257
Zimbabwe,Castle Lager Premier Soccer League,1
Zimbabwe,SPARE,255
Zimbabwe,NON-LEAGUE,256
Zimbabwe,Unavailable,257
